Workbook

Sheet Convergence Matrix
A1: OSRA PHASE 4 — CONVERGENCE MATRIX (v1.2)
A2: One row per Phase 1 dependency. A condition is Y if ANY failure mode or trust signal of the dependency meets it. Condition 1: a failure mode with Severity Critical or High (Phase 2). Condition 2: a failure mode with Silent Failure Risk = Y (Phase 2). Condition 3: a linked trust signal with Trust Gap = Y (Phase 3). Single Point: Phase 1.
A3: Category, first rule that matches: 3 conditions = CRITICAL CONVERGENCE (30 days); 2 = CONVERGENCE POINT (90 days); fewer than 2 AND single point AND condition 1 = CONCENTRATION RISK (6 months); otherwise MONITORED RISK. A Critical Convergence or Convergence Point that is also a single point with condition 1 carries the Concentration flag (adds the 6-month exit strategy clock).
A5: Dependency ID | B5: Dependency | C5: Cond. 1: Severity Critical or High? (Y/N) | D5: Cond. 2: Silent Failure Risk? (Y/N) | E5: Cond. 3: Trust Gap? (Y/N) | F5: Single Point of Dependency? (Y/N) | G5: Conditions Met (0-3) | H5: Category | I5: Concentration Flag | J5: Clock
G6: =IF(COUNTA(C6:F6)=0,"",COUNTIF(C6:E6,"Y")) | H6: =IF(G6="","",IF(G6=3,"CRITICAL CONVERGENCE",IF(G6=2,"CONVERGENCE POINT",IF(AND(F6="Y",C6="Y"),"CONCENTRATION RISK","MONITORED RISK")))) | I6: =IF(G6="","",IF(AND(G6>=2,F6="Y",C6="Y"),"Y","N")) | J6: =IF(H6="","",IF(H6="CRITICAL CONVERGENCE","30 days",IF(H6="CONVERGENCE POINT","90 days",IF(H6="CONCENTRATION RISK","6 months","Standard cycle")))&IF(I6="Y"," + 6-month exit strategy",""))
G7: =IF(COUNTA(C7:F7)=0,"",COUNTIF(C7:E7,"Y")) | H7: =IF(G7="","",IF(G7=3,"CRITICAL CONVERGENCE",IF(G7=2,"CONVERGENCE POINT",IF(AND(F7="Y",C7="Y"),"CONCENTRATION RISK","MONITORED RISK")))) | I7: =IF(G7="","",IF(AND(G7>=2,F7="Y",C7="Y"),"Y","N")) | J7: =IF(H7="","",IF(H7="CRITICAL CONVERGENCE","30 days",IF(H7="CONVERGENCE POINT","90 days",IF(H7="CONCENTRATION RISK","6 months","Standard cycle")))&IF(I7="Y"," + 6-month exit strategy",""))
G8: =IF(COUNTA(C8:F8)=0,"",COUNTIF(C8:E8,"Y")) | H8: =IF(G8="","",IF(G8=3,"CRITICAL CONVERGENCE",IF(G8=2,"CONVERGENCE POINT",IF(AND(F8="Y",C8="Y"),"CONCENTRATION RISK","MONITORED RISK")))) | I8: =IF(G8="","",IF(AND(G8>=2,F8="Y",C8="Y"),"Y","N")) | J8: =IF(H8="","",IF(H8="CRITICAL CONVERGENCE","30 days",IF(H8="CONVERGENCE POINT","90 days",IF(H8="CONCENTRATION RISK","6 months","Standard cycle")))&IF(I8="Y"," + 6-month exit strategy",""))
G9: =IF(COUNTA(C9:F9)=0,"",COUNTIF(C9:E9,"Y")) | H9: =IF(G9="","",IF(G9=3,"CRITICAL CONVERGENCE",IF(G9=2,"CONVERGENCE POINT",IF(AND(F9="Y",C9="Y"),"CONCENTRATION RISK","MONITORED RISK")))) | I9: =IF(G9="","",IF(AND(G9>=2,F9="Y",C9="Y"),"Y","N")) | J9: =IF(H9="","",IF(H9="CRITICAL CONVERGENCE","30 days",IF(H9="CONVERGENCE POINT","90 days",IF(H9="CONCENTRATION RISK","6 months","Standard cycle")))&IF(I9="Y"," + 6-month exit strategy",""))
G10: =IF(COUNTA(C10:F10)=0,"",COUNTIF(C10:E10,"Y")) | H10: =IF(G10="","",IF(G10=3,"CRITICAL CONVERGENCE",IF(G10=2,"CONVERGENCE POINT",IF(AND(F10="Y",C10="Y"),"CONCENTRATION RISK","MONITORED RISK")))) | I10: =IF(G10="","",IF(AND(G10>=2,F10="Y",C10="Y"),"Y","N")) | J10: =IF(H10="","",IF(H10="CRITICAL CONVERGENCE","30 days",IF(H10="CONVERGENCE POINT","90 days",IF(H10="CONCENTRATION RISK","6 months","Standard cycle")))&IF(I10="Y"," + 6-month exit strategy",""))
G11: =IF(COUNTA(C11:F11)=0,"",COUNTIF(C11:E11,"Y")) | H11: =IF(G11="","",IF(G11=3,"CRITICAL CONVERGENCE",IF(G11=2,"CONVERGENCE POINT",IF(AND(F11="Y",C11="Y"),"CONCENTRATION RISK","MONITORED RISK")))) | I11: =IF(G11="","",IF(AND(G11>=2,F11="Y",C11="Y"),"Y","N")) | J11: =IF(H11="","",IF(H11="CRITICAL CONVERGENCE","30 days",IF(H11="CONVERGENCE POINT","90 days",IF(H11="CONCENTRATION RISK","6 months","Standard cycle")))&IF(I11="Y"," + 6-month exit strategy",""))
G12: =IF(COUNTA(C12:F12)=0,"",COUNTIF(C12:E12,"Y")) | H12: =IF(G12="","",IF(G12=3,"CRITICAL CONVERGENCE",IF(G12=2,"CONVERGENCE POINT",IF(AND(F12="Y",C12="Y"),"CONCENTRATION RISK","MONITORED RISK")))) | I12: =IF(G12="","",IF(AND(G12>=2,F12="Y",C12="Y"),"Y","N")) | J12: =IF(H12="","",IF(H12="CRITICAL CONVERGENCE","30 days",IF(H12="CONVERGENCE POINT","90 days",IF(H12="CONCENTRATION RISK","6 months","Standard cycle")))&IF(I12="Y"," + 6-month exit strategy",""))
G13: =IF(COUNTA(C13:F13)=0,"",COUNTIF(C13:E13,"Y")) | H13: =IF(G13="","",IF(G13=3,"CRITICAL CONVERGENCE",IF(G13=2,"CONVERGENCE POINT",IF(AND(F13="Y",C13="Y"),"CONCENTRATION RISK","MONITORED RISK")))) | I13: =IF(G13="","",IF(AND(G13>=2,F13="Y",C13="Y"),"Y","N")) | J13: =IF(H13="","",IF(H13="CRITICAL CONVERGENCE","30 days",IF(H13="CONVERGENCE POINT","90 days",IF(H13="CONCENTRATION RISK","6 months","Standard cycle")))&IF(I13="Y"," + 6-month exit strategy",""))
G14: =IF(COUNTA(C14:F14)=0,"",COUNTIF(C14:E14,"Y")) | H14: =IF(G14="","",IF(G14=3,"CRITICAL CONVERGENCE",IF(G14=2,"CONVERGENCE POINT",IF(AND(F14="Y",C14="Y"),"CONCENTRATION RISK","MONITORED RISK")))) | I14: =IF(G14="","",IF(AND(G14>=2,F14="Y",C14="Y"),"Y","N")) | J14: =IF(H14="","",IF(H14="CRITICAL CONVERGENCE","30 days",IF(H14="CONVERGENCE POINT","90 days",IF(H14="CONCENTRATION RISK","6 months","Standard cycle")))&IF(I14="Y"," + 6-month exit strategy",""))
G15: =IF(COUNTA(C15:F15)=0,"",COUNTIF(C15:E15,"Y")) | H15: =IF(G15="","",IF(G15=3,"CRITICAL CONVERGENCE",IF(G15=2,"CONVERGENCE POINT",IF(AND(F15="Y",C15="Y"),"CONCENTRATION RISK","MONITORED RISK")))) | I15: =IF(G15="","",IF(AND(G15>=2,F15="Y",C15="Y"),"Y","N")) | J15: =IF(H15="","",IF(H15="CRITICAL CONVERGENCE","30 days",IF(H15="CONVERGENCE POINT","90 days",IF(H15="CONCENTRATION RISK","6 months","Standard cycle")))&IF(I15="Y"," + 6-month exit strategy",""))
G16: =IF(COUNTA(C16:F16)=0,"",COUNTIF(C16:E16,"Y")) | H16: =IF(G16="","",IF(G16=3,"CRITICAL CONVERGENCE",IF(G16=2,"CONVERGENCE POINT",IF(AND(F16="Y",C16="Y"),"CONCENTRATION RISK","MONITORED RISK")))) | I16: =IF(G16="","",IF(AND(G16>=2,F16="Y",C16="Y"),"Y","N")) | J16: =IF(H16="","",IF(H16="CRITICAL CONVERGENCE","30 days",IF(H16="CONVERGENCE POINT","90 days",IF(H16="CONCENTRATION RISK","6 months","Standard cycle")))&IF(I16="Y"," + 6-month exit strategy",""))
G17: =IF(COUNTA(C17:F17)=0,"",COUNTIF(C17:E17,"Y")) | H17: =IF(G17="","",IF(G17=3,"CRITICAL CONVERGENCE",IF(G17=2,"CONVERGENCE POINT",IF(AND(F17="Y",C17="Y"),"CONCENTRATION RISK","MONITORED RISK")))) | I17: =IF(G17="","",IF(AND(G17>=2,F17="Y",C17="Y"),"Y","N")) | J17: =IF(H17="","",IF(H17="CRITICAL CONVERGENCE","30 days",IF(H17="CONVERGENCE POINT","90 days",IF(H17="CONCENTRATION RISK","6 months","Standard cycle")))&IF(I17="Y"," + 6-month exit strategy",""))
... G45: =IF(COUNTA(C45:F45)=0,"",COUNTIF(C45:E45,"Y")) | H45: =IF(G45="","",IF(G45=3,"CRITICAL CONVERGENCE",IF(G45=2,"CONVERGENCE POINT",IF(AND(F45="Y",C45="Y"),"CONCENTRATION RISK","MONITORED RISK")))) | I45: =IF(G45="","",IF(AND(G45>=2,F45="Y",C45="Y"),"Y","N")) | J45: =IF(H45="","",IF(H45="CRITICAL CONVERGENCE","30 days",IF(H45="CONVERGENCE POINT","90 days",IF(H45="CONCENTRATION RISK","6 months","Standard cycle")))&IF(I45="Y"," + 6-month exit strategy",""))

Sheet Convergence Scoring
A1: OSRA CONVERGENCE SCORING (v1.2) — 6 factors
A2: Score every Critical Convergence, Convergence Point and Concentration Risk; Monitored Risks are not scored. Rank orders by category first, then score, then Regulatory Exposure, Blast Radius, Materialisation Horizon and Detection Deficit. Findings still level share a rank: decide and record the reason.
A4: Regulatory Exposure weight | B4: 1.5 | D4: Score range at these weights | E4: =B4+B5+4 | F4: minimum
A5: Blast Radius weight | B5: 1.5 | E5: =5*B4+5*B5+20 | F5: maximum
A6: The published weights are 1.5 and 1.5, a stated judgement (see calibration/weight_sensitivity.py). Change them only after checking what the change does to your ranking.
A8: Dependency ID | B8: Finding | C8: Category | D8: Regulatory Exposure (1-5) | E8: Detection Deficit (1-5) | F8: Trust Depth (1-5) | G8: Blast Radius (1-5) | H8: Remediation Complexity (1-5) | I8: Materialisation Horizon (1-5) | J8: Weighted Score | K8: Sort Key (helper) | L8: Rank | M8: Recommended Action (See Action Catalogue)
J9: =IF(COUNT(D9:I9)<6,"",D9*$B$4+E9+F9+G9*$B$5+H9+I9) | K9: =IF(OR(J9="",C9=""),"",(4-MATCH(C9,{"Critical Convergence","Convergence Point","Concentration Risk"},0))*1000000000000+J9*100000000+D9*10000+G9*1000+I9*100+E9*10) | L9: =IF(K9="","",COUNTIF($K$9:$K$38,">"&K9)+1)
J10: =IF(COUNT(D10:I10)<6,"",D10*$B$4+E10+F10+G10*$B$5+H10+I10) | K10: =IF(OR(J10="",C10=""),"",(4-MATCH(C10,{"Critical Convergence","Convergence Point","Concentration Risk"},0))*1000000000000+J10*100000000+D10*10000+G10*1000+I10*100+E10*10) | L10: =IF(K10="","",COUNTIF($K$9:$K$38,">"&K10)+1)
J11: =IF(COUNT(D11:I11)<6,"",D11*$B$4+E11+F11+G11*$B$5+H11+I11) | K11: =IF(OR(J11="",C11=""),"",(4-MATCH(C11,{"Critical Convergence","Convergence Point","Concentration Risk"},0))*1000000000000+J11*100000000+D11*10000+G11*1000+I11*100+E11*10) | L11: =IF(K11="","",COUNTIF($K$9:$K$38,">"&K11)+1)
J12: =IF(COUNT(D12:I12)<6,"",D12*$B$4+E12+F12+G12*$B$5+H12+I12) | K12: =IF(OR(J12="",C12=""),"",(4-MATCH(C12,{"Critical Convergence","Convergence Point","Concentration Risk"},0))*1000000000000+J12*100000000+D12*10000+G12*1000+I12*100+E12*10) | L12: =IF(K12="","",COUNTIF($K$9:$K$38,">"&K12)+1)
J13: =IF(COUNT(D13:I13)<6,"",D13*$B$4+E13+F13+G13*$B$5+H13+I13) | K13: =IF(OR(J13="",C13=""),"",(4-MATCH(C13,{"Critical Convergence","Convergence Point","Concentration Risk"},0))*1000000000000+J13*100000000+D13*10000+G13*1000+I13*100+E13*10) | L13: =IF(K13="","",COUNTIF($K$9:$K$38,">"&K13)+1)
J14: =IF(COUNT(D14:I14)<6,"",D14*$B$4+E14+F14+G14*$B$5+H14+I14) | K14: =IF(OR(J14="",C14=""),"",(4-MATCH(C14,{"Critical Convergence","Convergence Point","Concentration Risk"},0))*1000000000000+J14*100000000+D14*10000+G14*1000+I14*100+E14*10) | L14: =IF(K14="","",COUNTIF($K$9:$K$38,">"&K14)+1)
J15: =IF(COUNT(D15:I15)<6,"",D15*$B$4+E15+F15+G15*$B$5+H15+I15) | K15: =IF(OR(J15="",C15=""),"",(4-MATCH(C15,{"Critical Convergence","Convergence Point","Concentration Risk"},0))*1000000000000+J15*100000000+D15*10000+G15*1000+I15*100+E15*10) | L15: =IF(K15="","",COUNTIF($K$9:$K$38,">"&K15)+1)
J16: =IF(COUNT(D16:I16)<6,"",D16*$B$4+E16+F16+G16*$B$5+H16+I16) | K16: =IF(OR(J16="",C16=""),"",(4-MATCH(C16,{"Critical Convergence","Convergence Point","Concentration Risk"},0))*1000000000000+J16*100000000+D16*10000+G16*1000+I16*100+E16*10) | L16: =IF(K16="","",COUNTIF($K$9:$K$38,">"&K16)+1)
J17: =IF(COUNT(D17:I17)<6,"",D17*$B$4+E17+F17+G17*$B$5+H17+I17) | K17: =IF(OR(J17="",C17=""),"",(4-MATCH(C17,{"Critical Convergence","Convergence Point","Concentration Risk"},0))*1000000000000+J17*100000000+D17*10000+G17*1000+I17*100+E17*10) | L17: =IF(K17="","",COUNTIF($K$9:$K$38,">"&K17)+1)
J18: =IF(COUNT(D18:I18)<6,"",D18*$B$4+E18+F18+G18*$B$5+H18+I18) | K18: =IF(OR(J18="",C18=""),"",(4-MATCH(C18,{"Critical Convergence","Convergence Point","Concentration Risk"},0))*1000000000000+J18*100000000+D18*10000+G18*1000+I18*100+E18*10) | L18: =IF(K18="","",COUNTIF($K$9:$K$38,">"&K18)+1)
J19: =IF(COUNT(D19:I19)<6,"",D19*$B$4+E19+F19+G19*$B$5+H19+I19) | K19: =IF(OR(J19="",C19=""),"",(4-MATCH(C19,{"Critical Convergence","Convergence Point","Concentration Risk"},0))*1000000000000+J19*100000000+D19*10000+G19*1000+I19*100+E19*10) | L19: =IF(K19="","",COUNTIF($K$9:$K$38,">"&K19)+1)
J20: =IF(COUNT(D20:I20)<6,"",D20*$B$4+E20+F20+G20*$B$5+H20+I20) | K20: =IF(OR(J20="",C20=""),"",(4-MATCH(C20,{"Critical Convergence","Convergence Point","Concentration Risk"},0))*1000000000000+J20*100000000+D20*10000+G20*1000+I20*100+E20*10) | L20: =IF(K20="","",COUNTIF($K$9:$K$38,">"&K20)+1)
... J38: =IF(COUNT(D38:I38)<6,"",D38*$B$4+E38+F38+G38*$B$5+H38+I38) | K38: =IF(OR(J38="",C38=""),"",(4-MATCH(C38,{"Critical Convergence","Convergence Point","Concentration Risk"},0))*1000000000000+J38*100000000+D38*10000+G38*1000+I38*100+E38*10) | L38: =IF(K38="","",COUNTIF($K$9:$K$38,">"&K38)+1)
A41: SCORING ANCHORS (v1.2) — where a finding sits between two anchors, take the lower score and record the reason
A42: Factor | B42: 1 | D42: 2 | F42: 3 | H42: 4 | J42: 5
A43: Regulatory Exposure (× weight) | B43: No regulatory regime applies to this dependency's failure | D43: A voluntary or non-statutory regime applies, or a mandatory regime whose application to this system is debated | F43: A mandatory regime with enforcement reaches this failure through general provisions (risk management, third-party management, documentation) | H43: A mandatory regime's operative article addresses this failure directly (resilience testing, robustness, incident detection, screening), or the regime carries personal accountability for named individuals | J43: More than one regime addresses the failure directly with active enforcement, or the failure carries criminal, sanctions or safety-of-life liability
A44: Detection Deficit (×1.0) | B44: Automated alerting on the failure mode itself, routed to an owner, within minutes | D44: The failure is known or scheduled in advance, or existing monitoring or a continuous counterparty check would surface it within a day | F44: Periodic manual review would catch it within one review cycle | H44: It would be found only after consequences accumulate: a customer complaint, an audit finding, a reconciliation months later | J44: No mechanism responds to this failure mode; the monitoring that exists measures something else and stays green while the failure runs
A45: Trust Depth (×1.0) | B45: The signal was verified by the organisation itself, or the dependency is internal and monitored | D45: One external party whose attestation the organisation relies on directly and could verify but has not | F45: Two layers: the vendor relies on a provider the organisation has no relationship with, and neither layer is verified | H45: Three or more layers, none verified | J45: The chain is opaque: the organisation cannot enumerate the layers, or the vendor withholds the model, the data or the method
A46: Blast Radius (× weight) | B46: Isolated, non-critical function | D46: A subset of transactions or decisions, or a process off the real-time path | F46: One business unit or customer segment, or the system's lifecycle (retraining, maintenance) rather than its operation | H46: Several business units, or one critical customer-facing function | J46: Organisation-wide: every transaction, every decision or every customer
A47: Remediation Complexity (×1.0) | B47: Configuration change or quick fix within the organisation's control, days | D47: Tooling or monitoring the organisation can build itself within a quarter | F47: A vendor negotiation, a contract change, a knowledge transfer or a new data source, with moderate engineering | H47: A second provider, a second region, dual running or re-internalising a capability, with significant engineering | J47: Architectural redesign of the system or its monitoring, or replacement of the core model or vendor
A48: Materialisation Horizon (×1.0) | B48: Years (slow regulatory or contractual evolution) | D48: Months (known contract expiry, scheduled deprecation) | F48: Weeks (recurring but unpredictable events such as regional degradation) | H48: Days (announced upcoming change) | J48: Imminent or already occurring (silent failures that may be active now)
A51: CONVERGENCE CATEGORIES (v1.2) — decided in the Convergence Matrix, first rule that matches
A52: CRITICAL CONVERGENCE | B52: All three conditions met | H52: Remediation within 30 days
A53: CONVERGENCE POINT | B53: Exactly two conditions met | H53: Remediation within 90 days
A54: CONCENTRATION RISK | B54: Fewer than two conditions; single point of dependency with Critical or High severity | H54: Exit strategy + redundancy within 6 months
A55: MONITORED RISK | B55: Everything else (not scored) | H55: Standard risk management cycle
A56: Concentration flag | B56: Critical Convergence or Convergence Point that is also a single point with Critical or High severity | H56: Adds the 6-month exit strategy clock

Sheet Convergence Risk Summary
A1: OSRA CONVERGENCE RISK SUMMARY — Board-Ready Output (v1.2)
A2: Rank, ID, finding, category and score are pulled from Convergence Scoring by rank. If two findings share a rank, resolve the tie there first. Yellow = write the narrative.
A3: Rank | B3: Dependency ID | C3: Finding | D3: Category | E3: Score | F3: What Converges Here | G3: Why Governance Missed It | H3: Regulatory Exposure | I3: Materialisation Horizon | J3: Recommended Action
A4: 1 | B4: =IFERROR(INDEX('Convergence Scoring'!$A$9:$A$38,MATCH($A4,'Convergence Scoring'!$L$9:$L$38,0)),"") | C4: =IFERROR(INDEX('Convergence Scoring'!$B$9:$B$38,MATCH($A4,'Convergence Scoring'!$L$9:$L$38,0)),"") | D4: =IFERROR(INDEX('Convergence Scoring'!$C$9:$C$38,MATCH($A4,'Convergence Scoring'!$L$9:$L$38,0)),"") | E4: =IFERROR(INDEX('Convergence Scoring'!$J$9:$J$38,MATCH($A4,'Convergence Scoring'!$L$9:$L$38,0)),"")
A5: 2 | B5: =IFERROR(INDEX('Convergence Scoring'!$A$9:$A$38,MATCH($A5,'Convergence Scoring'!$L$9:$L$38,0)),"") | C5: =IFERROR(INDEX('Convergence Scoring'!$B$9:$B$38,MATCH($A5,'Convergence Scoring'!$L$9:$L$38,0)),"") | D5: =IFERROR(INDEX('Convergence Scoring'!$C$9:$C$38,MATCH($A5,'Convergence Scoring'!$L$9:$L$38,0)),"") | E5: =IFERROR(INDEX('Convergence Scoring'!$J$9:$J$38,MATCH($A5,'Convergence Scoring'!$L$9:$L$38,0)),"")
A6: 3 | B6: =IFERROR(INDEX('Convergence Scoring'!$A$9:$A$38,MATCH($A6,'Convergence Scoring'!$L$9:$L$38,0)),"") | C6: =IFERROR(INDEX('Convergence Scoring'!$B$9:$B$38,MATCH($A6,'Convergence Scoring'!$L$9:$L$38,0)),"") | D6: =IFERROR(INDEX('Convergence Scoring'!$C$9:$C$38,MATCH($A6,'Convergence Scoring'!$L$9:$L$38,0)),"") | E6: =IFERROR(INDEX('Convergence Scoring'!$J$9:$J$38,MATCH($A6,'Convergence Scoring'!$L$9:$L$38,0)),"")
A7: 4 | B7: =IFERROR(INDEX('Convergence Scoring'!$A$9:$A$38,MATCH($A7,'Convergence Scoring'!$L$9:$L$38,0)),"") | C7: =IFERROR(INDEX('Convergence Scoring'!$B$9:$B$38,MATCH($A7,'Convergence Scoring'!$L$9:$L$38,0)),"") | D7: =IFERROR(INDEX('Convergence Scoring'!$C$9:$C$38,MATCH($A7,'Convergence Scoring'!$L$9:$L$38,0)),"") | E7: =IFERROR(INDEX('Convergence Scoring'!$J$9:$J$38,MATCH($A7,'Convergence Scoring'!$L$9:$L$38,0)),"")
A8: 5 | B8: =IFERROR(INDEX('Convergence Scoring'!$A$9:$A$38,MATCH($A8,'Convergence Scoring'!$L$9:$L$38,0)),"") | C8: =IFERROR(INDEX('Convergence Scoring'!$B$9:$B$38,MATCH($A8,'Convergence Scoring'!$L$9:$L$38,0)),"") | D8: =IFERROR(INDEX('Convergence Scoring'!$C$9:$C$38,MATCH($A8,'Convergence Scoring'!$L$9:$L$38,0)),"") | E8: =IFERROR(INDEX('Convergence Scoring'!$J$9:$J$38,MATCH($A8,'Convergence Scoring'!$L$9:$L$38,0)),"")

Sheet Instructions
A1: OSRA PHASE 4 — CONVERGENCE MAP: Instructions (v1.2)
A3: 1. Convergence Matrix: add one row per Phase 1 dependency, using its Dependency ID.
A4: 2. Answer the three conditions from the Phase 2 and Phase 3 registers. A condition is Y if any failure mode or linked trust signal of the dependency meets it.
A5: 3. Copy the single point of dependency flag from Phase 1. The Category, Concentration flag and Clock columns are calculated.
A6: 4. Convergence Scoring: add a row for every Critical Convergence, Convergence Point and Concentration Risk. Choose its category exactly as the matrix shows.
A7: 5. Score each factor 1-5 against the anchors below the scoring table. Materialisation Horizon: use the most imminent Horizon Score among the Phase 2 failure modes that met a condition (for a Concentration Risk, among its Critical or High failure modes).
A8: 6. Weighted Score and Rank are calculated. Rank orders by category, then score, then Regulatory Exposure, Blast Radius, Materialisation Horizon and Detection Deficit. If two findings still share a rank, decide which goes first, record why, and adjust by hand.
A9: 7. Convergence Risk Summary: the top five ranked findings are pulled in automatically. Write the narrative columns for each.
A11: Yellow cells are inputs. Purple cells are formulas. The Sort Key helper column in Convergence Scoring is hidden.
