Workbook

Sheet System Boundary
A1: OSRA PHASE 1 — SUBSTRATE MAP (v1.2)
A3: Field | B3: Description | C3: Value (Complete This)
A4: AI System Name | B4: Official name/identifier of the AI system
A5: System Owner | B5: Business unit and individual responsible
A6: Regulatory Classification | B6: EU AI Act risk tier / DORA criticality / NIS2 / Sector-specific
A7: Primary Function | B7: What the system does in business terms
A8: Users / Consumers | B8: Who uses the output (internal teams, customers, automated systems)
A9: Deployment Date | B9: When the system went into production
A10: Last Material Change | B10: Date and nature of last significant update
A11: Downstream Dependencies | B11: What decisions, processes, or systems depend on this AI output
A12: Upstream Data Sources | B12: All data sources feeding the system
A13: Human-in-the-Loop Design | B13: Is a human expected to review/override AI outputs? Describe the mechanism and any evidence of actual override rates.
A14: AI Agents and Tools | B14: Agents in or acting for the system, the tools and MCP servers they can call, the credentials they use, and the approval steps over their actions.
A15: Compliance Evidence Location | B15: Where governance docs, risk assessments, certifications are stored

Sheet Dependency Chain
A1: OSRA — DEPENDENCY CHAIN (v1.2)
A2: Every dependency keeps its ID for the whole assessment. Phases 2, 3 and 4 refer to dependencies by this ID. Add rows below the starter rows using the next free ID; never renumber.
A3: Dependency ID | B3: Dependency Layer | C3: Specific Dependency | D3: Provider / Owner | E3: Location / Region | F3: Single Point of Dependency? (Y/N) | G3: Visibility (Visible / Known-Unmonitored / Invisible) | H3: Fallback Available? (Y / N / Partial) | I3: Fallback Tested? (Y/N) | J3: Notes / Risks
A4: DEP-01 | B4: Model Layer | C4: Base model (provider, version)
A5: DEP-02 | B5: Model Layer | C5: Fine-tuning data source
A6: DEP-03 | B6: Model Layer | C6: Model hosting location
A7: DEP-04 | B7: Model Layer | C7: Model update/change notification mechanism
A8: DEP-05 | B8: Agent and Tool Layer | C8: AI agent(s) and agent framework (version)
A9: DEP-06 | B9: Agent and Tool Layer | C9: MCP servers and tools the agent can call (publisher, version pinned?)
A10: DEP-07 | B10: Agent and Tool Layer | C10: Tool descriptions (static, or fetched from the server at runtime)
A11: DEP-08 | B11: Agent and Tool Layer | C11: Agent credentials and permission scope (per tenant, shared, least privilege?)
A12: DEP-09 | B12: Agent and Tool Layer | C12: Human review or approval step (over AI outputs or agent actions)
A13: DEP-10 | B13: Compute Layer | C13: Primary cloud provider / region
A14: DEP-11 | B14: Compute Layer | C14: GPU/TPU type and allocation (dedicated/shared)
A15: DEP-12 | B15: Data Layer | C15: Training data pipeline
... A28: DEP-25 | B28: Geographic / Jurisdictional | C28: Cross-border transfer mechanism
A29: DEP-26
A30: DEP-27
A31: DEP-28
A32: DEP-29
A33: DEP-30
A34: DEP-31
A35: DEP-32
A36: DEP-33
A37: DEP-34
A38: DEP-35
A39: DEP-36
A40: DEP-37
... A43: DEP-40

Sheet Concentration Risk Check
A1: OSRA — CONCENTRATION RISK CHECK (v1.2)
A2: Preview only. List every dependency flagged as a single point of dependency. Enter its highest failure severity once Phase 2 is done. A single point with Critical or High severity is a Concentration Risk in Phase 4 if it meets fewer than two convergence conditions, and carries a Concentration flag if it meets two or three. The category itself is decided in the Phase 4 Convergence Matrix.
A4: Dependency ID | B4: Dependency (looked up) | C4: Single Point? (looked up) | D4: Highest Severity (from Phase 2) | E4: Fallback Available? (looked up) | F4: Exit Strategy Documented? (Y/N) | G4: Concentration Candidate? | H4: Notes
B5: =IF(A5="","",IFERROR(INDEX('Dependency Chain'!$C$4:$C$43,MATCH(A5,'Dependency Chain'!$A$4:$A$43,0)),"ID not found")) | C5: =IF(A5="","",IFERROR(INDEX('Dependency Chain'!$F$4:$F$43,MATCH(A5,'Dependency Chain'!$A$4:$A$43,0))&"","")) | E5: =IF(A5="","",IFERROR(INDEX('Dependency Chain'!$H$4:$H$43,MATCH(A5,'Dependency Chain'!$A$4:$A$43,0))&"","")) | G5: =IF(OR(A5="",D5=""),"",IF(AND(C5="Y",OR(D5="Critical",D5="High")),"Y","N"))
B6: =IF(A6="","",IFERROR(INDEX('Dependency Chain'!$C$4:$C$43,MATCH(A6,'Dependency Chain'!$A$4:$A$43,0)),"ID not found")) | C6: =IF(A6="","",IFERROR(INDEX('Dependency Chain'!$F$4:$F$43,MATCH(A6,'Dependency Chain'!$A$4:$A$43,0))&"","")) | E6: =IF(A6="","",IFERROR(INDEX('Dependency Chain'!$H$4:$H$43,MATCH(A6,'Dependency Chain'!$A$4:$A$43,0))&"","")) | G6: =IF(OR(A6="",D6=""),"",IF(AND(C6="Y",OR(D6="Critical",D6="High")),"Y","N"))
B7: =IF(A7="","",IFERROR(INDEX('Dependency Chain'!$C$4:$C$43,MATCH(A7,'Dependency Chain'!$A$4:$A$43,0)),"ID not found")) | C7: =IF(A7="","",IFERROR(INDEX('Dependency Chain'!$F$4:$F$43,MATCH(A7,'Dependency Chain'!$A$4:$A$43,0))&"","")) | E7: =IF(A7="","",IFERROR(INDEX('Dependency Chain'!$H$4:$H$43,MATCH(A7,'Dependency Chain'!$A$4:$A$43,0))&"","")) | G7: =IF(OR(A7="",D7=""),"",IF(AND(C7="Y",OR(D7="Critical",D7="High")),"Y","N"))
B8: =IF(A8="","",IFERROR(INDEX('Dependency Chain'!$C$4:$C$43,MATCH(A8,'Dependency Chain'!$A$4:$A$43,0)),"ID not found")) | C8: =IF(A8="","",IFERROR(INDEX('Dependency Chain'!$F$4:$F$43,MATCH(A8,'Dependency Chain'!$A$4:$A$43,0))&"","")) | E8: =IF(A8="","",IFERROR(INDEX('Dependency Chain'!$H$4:$H$43,MATCH(A8,'Dependency Chain'!$A$4:$A$43,0))&"","")) | G8: =IF(OR(A8="",D8=""),"",IF(AND(C8="Y",OR(D8="Critical",D8="High")),"Y","N"))
B9: =IF(A9="","",IFERROR(INDEX('Dependency Chain'!$C$4:$C$43,MATCH(A9,'Dependency Chain'!$A$4:$A$43,0)),"ID not found")) | C9: =IF(A9="","",IFERROR(INDEX('Dependency Chain'!$F$4:$F$43,MATCH(A9,'Dependency Chain'!$A$4:$A$43,0))&"","")) | E9: =IF(A9="","",IFERROR(INDEX('Dependency Chain'!$H$4:$H$43,MATCH(A9,'Dependency Chain'!$A$4:$A$43,0))&"","")) | G9: =IF(OR(A9="",D9=""),"",IF(AND(C9="Y",OR(D9="Critical",D9="High")),"Y","N"))
B10: =IF(A10="","",IFERROR(INDEX('Dependency Chain'!$C$4:$C$43,MATCH(A10,'Dependency Chain'!$A$4:$A$43,0)),"ID not found")) | C10: =IF(A10="","",IFERROR(INDEX('Dependency Chain'!$F$4:$F$43,MATCH(A10,'Dependency Chain'!$A$4:$A$43,0))&"","")) | E10: =IF(A10="","",IFERROR(INDEX('Dependency Chain'!$H$4:$H$43,MATCH(A10,'Dependency Chain'!$A$4:$A$43,0))&"","")) | G10: =IF(OR(A10="",D10=""),"",IF(AND(C10="Y",OR(D10="Critical",D10="High")),"Y","N"))
B11: =IF(A11="","",IFERROR(INDEX('Dependency Chain'!$C$4:$C$43,MATCH(A11,'Dependency Chain'!$A$4:$A$43,0)),"ID not found")) | C11: =IF(A11="","",IFERROR(INDEX('Dependency Chain'!$F$4:$F$43,MATCH(A11,'Dependency Chain'!$A$4:$A$43,0))&"","")) | E11: =IF(A11="","",IFERROR(INDEX('Dependency Chain'!$H$4:$H$43,MATCH(A11,'Dependency Chain'!$A$4:$A$43,0))&"","")) | G11: =IF(OR(A11="",D11=""),"",IF(AND(C11="Y",OR(D11="Critical",D11="High")),"Y","N"))
B12: =IF(A12="","",IFERROR(INDEX('Dependency Chain'!$C$4:$C$43,MATCH(A12,'Dependency Chain'!$A$4:$A$43,0)),"ID not found")) | C12: =IF(A12="","",IFERROR(INDEX('Dependency Chain'!$F$4:$F$43,MATCH(A12,'Dependency Chain'!$A$4:$A$43,0))&"","")) | E12: =IF(A12="","",IFERROR(INDEX('Dependency Chain'!$H$4:$H$43,MATCH(A12,'Dependency Chain'!$A$4:$A$43,0))&"","")) | G12: =IF(OR(A12="",D12=""),"",IF(AND(C12="Y",OR(D12="Critical",D12="High")),"Y","N"))
B13: =IF(A13="","",IFERROR(INDEX('Dependency Chain'!$C$4:$C$43,MATCH(A13,'Dependency Chain'!$A$4:$A$43,0)),"ID not found")) | C13: =IF(A13="","",IFERROR(INDEX('Dependency Chain'!$F$4:$F$43,MATCH(A13,'Dependency Chain'!$A$4:$A$43,0))&"","")) | E13: =IF(A13="","",IFERROR(INDEX('Dependency Chain'!$H$4:$H$43,MATCH(A13,'Dependency Chain'!$A$4:$A$43,0))&"","")) | G13: =IF(OR(A13="",D13=""),"",IF(AND(C13="Y",OR(D13="Critical",D13="High")),"Y","N"))
B14: =IF(A14="","",IFERROR(INDEX('Dependency Chain'!$C$4:$C$43,MATCH(A14,'Dependency Chain'!$A$4:$A$43,0)),"ID not found")) | C14: =IF(A14="","",IFERROR(INDEX('Dependency Chain'!$F$4:$F$43,MATCH(A14,'Dependency Chain'!$A$4:$A$43,0))&"","")) | E14: =IF(A14="","",IFERROR(INDEX('Dependency Chain'!$H$4:$H$43,MATCH(A14,'Dependency Chain'!$A$4:$A$43,0))&"","")) | G14: =IF(OR(A14="",D14=""),"",IF(AND(C14="Y",OR(D14="Critical",D14="High")),"Y","N"))
B15: =IF(A15="","",IFERROR(INDEX('Dependency Chain'!$C$4:$C$43,MATCH(A15,'Dependency Chain'!$A$4:$A$43,0)),"ID not found")) | C15: =IF(A15="","",IFERROR(INDEX('Dependency Chain'!$F$4:$F$43,MATCH(A15,'Dependency Chain'!$A$4:$A$43,0))&"","")) | E15: =IF(A15="","",IFERROR(INDEX('Dependency Chain'!$H$4:$H$43,MATCH(A15,'Dependency Chain'!$A$4:$A$43,0))&"","")) | G15: =IF(OR(A15="",D15=""),"",IF(AND(C15="Y",OR(D15="Critical",D15="High")),"Y","N"))
B16: =IF(A16="","",IFERROR(INDEX('Dependency Chain'!$C$4:$C$43,MATCH(A16,'Dependency Chain'!$A$4:$A$43,0)),"ID not found")) | C16: =IF(A16="","",IFERROR(INDEX('Dependency Chain'!$F$4:$F$43,MATCH(A16,'Dependency Chain'!$A$4:$A$43,0))&"","")) | E16: =IF(A16="","",IFERROR(INDEX('Dependency Chain'!$H$4:$H$43,MATCH(A16,'Dependency Chain'!$A$4:$A$43,0))&"","")) | G16: =IF(OR(A16="",D16=""),"",IF(AND(C16="Y",OR(D16="Critical",D16="High")),"Y","N"))
... B24: =IF(A24="","",IFERROR(INDEX('Dependency Chain'!$C$4:$C$43,MATCH(A24,'Dependency Chain'!$A$4:$A$43,0)),"ID not found")) | C24: =IF(A24="","",IFERROR(INDEX('Dependency Chain'!$F$4:$F$43,MATCH(A24,'Dependency Chain'!$A$4:$A$43,0))&"","")) | E24: =IF(A24="","",IFERROR(INDEX('Dependency Chain'!$H$4:$H$43,MATCH(A24,'Dependency Chain'!$A$4:$A$43,0))&"","")) | G24: =IF(OR(A24="",D24=""),"",IF(AND(C24="Y",OR(D24="Critical",D24="High")),"Y","N"))

Sheet Instructions
A1: OSRA PHASE 1 — SUBSTRATE MAP: Instructions (v1.2)
A3: 1. Start with the System Boundary tab. Define the AI system clearly — what it does, who uses it, what depends on it.
A4: Include the Human-in-the-Loop Design and AI Agents and Tools fields. Do not assume human oversight is effective, and do not assume an agent can only do what its tools' documentation says — document the mechanism and any evidence.
A5: 2. Move to the Dependency Chain tab. For each pre-populated layer, fill in the specific dependencies for YOUR system.
A6: 3. Every dependency has an ID (DEP-01, DEP-02, ...). Use the pre-numbered empty rows for additional dependencies. Never renumber: Phases 2, 3 and 4 refer to dependencies by ID.
A7: 4. For each dependency, answer the critical questions:
A8: - Is this a single point of dependency? If it were unavailable for 72 hours, could the AI system still function? If not: Y.
A9: - What is the visibility? (Does your team know about it AND monitor it?)
A10: - Is there a fallback, and has it been tested? A tested fallback lowers failure severity by one level in Phase 2; an untested one does not.
A11: 5. Pay special attention to INVISIBLE dependencies — things your vendors depend on that you may not know about.
A12: 6. Use the Concentration Risk Check tab to list all single points of dependency. The Phase 4 Convergence Matrix decides whether each becomes a Concentration Risk or carries a Concentration flag.
A13: 7. Yellow cells are input fields. Purple cells are formulas. Other cells are pre-populated guidance.
... A21: - Energy Layer: Most organisations have zero visibility into their cloud provider's power and cooling infrastructure.
